{
  "project_info": {
    "project_number": "189083679195",
    "project_id": "haircut-43fdc",
    "storage_bucket": "haircut-43fdc.appspot.com"
  },
  "client": [
    {
      "client_info": {
        "mobilesdk_app_id": "1:189083679195:android:203bea664d1a3d39808ffe",
        "android_client_info": {
          "package_name": "com.example.haircut"
        }
      },
      "oauth_client": [
        {
          "client_id": "189083679195-1gq4nuao282gfgrh30n15d0fqi4kg6ml.apps.googleusercontent.com",
          "client_type": 3
        }
      ],
      "api_key": [
        {
          "current_key": "AIzaSyBBYqFydYNZmXB2-X7MZNxcNb-BURNQW08"
        }
      ],
      "services": {
        "appinvite_service": {
          "other_platform_oauth_client": [
            {
              "client_id": "189083679195-1gq4nuao282gfgrh30n15d0fqi4kg6ml.apps.googleusercontent.com",
              "client_type": 3
            }
          ]
        }
      }
    }
  ],
  "configuration_version": "1"
}